{"cameraMode":{"drawMode":0,"name":"Shaded","section":"Shading Mode"},"sceneLighting":false,"audioPlay":false,"sceneViewState":{"m_AlwaysRefresh":false,"showFog":true,"showSkybox":false,"showFlares":true,"showImageEffects":true,"showParticleSystems":true,"showVisualEffectGraphs":true,"m_FxEnabled":true},"in2DMode":false,"pivot":{"x":0.38807204365730288,"y":1.225083351135254,"z":1.1759274005889893},"rotation":{"x":0.034804921597242358,"y":-0.9072786569595337,"z":0.41205450892448428,"w":0.07666657119989395},"size":0.3022952675819397,"orthographic":false}