{"cameraMode":{"drawMode":0,"name":"Shaded","section":"Shading Mode"},"sceneLighting":false,"audioPlay":false,"sceneViewState":{"m_AlwaysRefresh":false,"showFog":true,"showSkybox":false,"showFlares":true,"showImageEffects":true,"showParticleSystems":true,"showVisualEffectGraphs":true,"m_FxEnabled":true},"in2DMode":false,"pivot":{"x":3.1487715244293215,"y":1.3152917623519898,"z":3.1902356147766115},"rotation":{"x":0.059753283858299258,"y":-0.38492894172668459,"z":0.024985719472169877,"w":0.9206914901733398},"size":0.06571173667907715,"orthographic":false}