{"cameraMode":{"drawMode":0,"name":"Shaded","section":"Shading Mode"},"sceneLighting":false,"audioPlay":false,"sceneViewState":{"m_AlwaysRefresh":false,"showFog":true,"showSkybox":false,"showFlares":true,"showImageEffects":true,"showParticleSystems":true,"showVisualEffectGraphs":true,"m_FxEnabled":true},"in2DMode":false,"pivot":{"x":-32.3909912109375,"y":-3.0173215866088869,"z":-43.893577575683597},"rotation":{"x":-0.2612481713294983,"y":0.0023240831214934589,"z":-0.0006333001074381173,"w":-0.9652884006500244},"size":4.0900044441223148,"orthographic":false}