{"cameraMode":{"drawMode":0,"name":"Shaded","section":"Shading Mode"},"sceneLighting":true,"audioPlay":false,"sceneViewState":{"m_AlwaysRefresh":false,"showFog":true,"showSkybox":true,"showFlares":true,"showImageEffects":true,"showParticleSystems":true,"showVisualEffectGraphs":true,"m_FxEnabled":true},"in2DMode":false,"pivot":{"x":-25.178335189819337,"y":17.773475646972658,"z":105.2694091796875},"rotation":{"x":-0.12441173195838928,"y":-0.03480900824069977,"z":0.004366691689938307,"w":-0.9916178584098816},"size":125.00209045410156,"orthographic":false}