{"cameraMode":{"drawMode":0,"name":"Shaded","section":"Shading Mode"},"sceneLighting":true,"audioPlay":false,"sceneViewState":{"m_AlwaysRefresh":false,"showFog":true,"showSkybox":true,"showFlares":true,"showImageEffects":true,"showParticleSystems":true,"showVisualEffectGraphs":true,"m_FxEnabled":true},"in2DMode":false,"pivot":{"x":-2.741011619567871,"y":-14.391983032226563,"z":-34.606964111328128},"rotation":{"x":-0.02053610235452652,"y":0.9694550633430481,"z":-0.22833147644996644,"w":-0.08719301223754883},"size":25.264171600341798,"orthographic":false}