{"cameraMode":{"drawMode":0,"name":"Shaded","section":"Shading Mode"},"sceneLighting":true,"audioPlay":false,"sceneViewState":{"m_AlwaysRefresh":false,"showFog":true,"showSkybox":true,"showFlares":true,"showImageEffects":true,"showParticleSystems":true,"showVisualEffectGraphs":true,"m_FxEnabled":true},"in2DMode":false,"pivot":{"x":115.78950500488281,"y":299.9502868652344,"z":268.5830383300781},"rotation":{"x":-0.43375280499458315,"y":-0.02350248023867607,"z":0.011317252181470395,"w":-0.9006668329238892},"size":88.2808609008789,"orthographic":true}