{"cameraMode":{"drawMode":0,"name":"Shaded","section":"Shading Mode"},"sceneLighting":false,"audioPlay":false,"sceneViewState":{"m_AlwaysRefresh":false,"showFog":true,"showSkybox":false,"showFlares":true,"showImageEffects":true,"showParticleSystems":true,"showVisualEffectGraphs":true,"m_FxEnabled":true},"in2DMode":false,"pivot":{"x":-16.66094398498535,"y":-0.6091421842575073,"z":-38.459224700927737},"rotation":{"x":-0.2612481713294983,"y":0.0023240831214934589,"z":-0.0006333001074381173,"w":-0.9652884006500244},"size":5.322151184082031,"orthographic":false}